oplus_get_wired_chg_present,
__tracepoint_android_vh_alloc_oem_binder_struct,
__tracepoint_android_vh_binder_free_buf,
__tracepoint_android_vh_binder_proc_transaction_finish,
__tracepoint_android_vh_free_oem_binder_struct,
oplus_set_fg_err_flag,
__tracepoint_android_vh_binder_special_task,
__tracepoint_android_vh_binder_transaction_received,
mtk_drm_gateic_set_backlight,
__tracepoint_android_vh_binder_find_desc
__tracepoint_android_vh_binder_set_desc_bit
__tracepoint_android_vh_binder_desc_init

